Organization,Followed On
Carousell Group,Sun Feb 08 01:11:53 UTC 2026
Skills Alliance,Sun Feb 08 01:09:55 UTC 2026
PwC Acceleration Center Shanghai,Sun Feb 08 01:09:19 UTC 2026
Wynn Resorts Macau,Sun Feb 08 01:01:03 UTC 2026
MORO TECH,Sun Feb 08 00:58:57 UTC 2026
Xinobi AI,Sun Feb 08 00:48:13 UTC 2026
Toptal,Sun Feb 08 00:46:13 UTC 2026
SUSTAINABLES,Sat Feb 07 01:18:36 UTC 2026
Gabriele,Sat Feb 07 01:18:05 UTC 2026
Fetch Technology Vietnam,Sat Feb 07 01:13:49 UTC 2026
SotaHR,Sat Feb 07 01:13:30 UTC 2026
Findicia,Sat Feb 07 01:13:14 UTC 2026
MoMo (M_Service),Sat Feb 07 01:12:42 UTC 2026
Flowmingo AI,Sat Feb 07 01:12:23 UTC 2026
PNJ Group,Sat Feb 07 01:11:29 UTC 2026
Sun* Vietnam,Sat Feb 07 01:11:05 UTC 2026
Coca-Cola Beverages Vietnam,Sat Feb 07 01:10:51 UTC 2026
FE CREDIT,Sat Feb 07 01:10:29 UTC 2026
The Value Maximizer,Sat Feb 07 01:10:13 UTC 2026
Base.vn,Sat Feb 07 01:08:08 UTC 2026
LARION,Sat Feb 07 01:07:50 UTC 2026
FPT Smart Cloud,Sat Feb 07 01:07:34 UTC 2026
LTS Group,Sat Feb 07 01:07:02 UTC 2026
Techvify,Sat Feb 07 01:06:43 UTC 2026
Single Family Office,Sat Feb 07 01:06:07 UTC 2026
Girl Effect,Sat Feb 07 00:51:15 UTC 2026
EnableSA Recruitment,Sat Feb 07 00:50:13 UTC 2026
X4 Technology,Sat Feb 07 00:49:38 UTC 2026
ZappHire,Sat Feb 07 00:48:08 UTC 2026
Kerry Consulting,Sat Feb 07 00:47:33 UTC 2026
A1,Sat Feb 07 00:46:08 UTC 2026
Vacantes TI - RD,Sat Feb 07 00:45:09 UTC 2026
ST Engineering,Sat Feb 07 00:44:28 UTC 2026
Fuse Energy,Sat Feb 07 00:42:30 UTC 2026
Forsyth Barnes,Sat Feb 07 00:40:41 UTC 2026
DAMAC Group,Sat Feb 07 00:39:24 UTC 2026
Pentasia,Sat Feb 07 00:35:36 UTC 2026
Analytics Nest,Mon Feb 02 09:32:37 UTC 2026
HD Tech Recruit,Wed Jan 28 04:14:29 UTC 2026
Aditi Consulting,Wed Jan 28 04:12:53 UTC 2026
CareerXperts Consulting,Tue Jan 27 06:51:12 UTC 2026
Y22 AI,Tue Jan 27 06:50:31 UTC 2026
RiDiK (a Subsidiary of CLPS. Nasdaq: CLPS),Tue Jan 27 06:38:23 UTC 2026
Wave Search,Tue Jan 27 06:33:15 UTC 2026
Bygger.ai,Tue Jan 27 06:28:45 UTC 2026
TRAKKER,Tue Jan 27 06:27:42 UTC 2026
TruTalk,Tue Jan 27 06:22:44 UTC 2026
AiroCollect,Tue Jan 27 06:19:48 UTC 2026
ask arno,Tue Jan 27 06:04:33 UTC 2026
GoToThisGuy,Tue Jan 27 06:03:23 UTC 2026
Evoke Technologies,Sun Jan 25 19:29:21 UTC 2026
NEBIRU,Sun Jan 25 19:27:55 UTC 2026
Al Ghurair,Thu Jan 22 15:30:18 UTC 2026
oryxsearch.io,Thu Jan 22 15:20:48 UTC 2026
IntelliVerse,Thu Jan 22 15:04:47 UTC 2026
OpenDeSci Foundation,Thu Jan 22 14:40:47 UTC 2026
GrowthStage,Thu Jan 22 14:38:03 UTC 2026
dltHub,Wed Jan 21 09:03:54 UTC 2026
Tech Titan 5000,Sat Jan 17 08:50:25 UTC 2026
Peaple Talent,Mon Jan 12 11:03:19 UTC 2026
Capgemini,Mon Jan 12 10:49:32 UTC 2026
Fujitsu,Mon Jan 12 10:13:08 UTC 2026
University of Regensburg - Information Science,Sat Jan 10 17:34:54 UTC 2026
Phoenix Capital UAE,Sat Jan 10 06:00:30 UTC 2026
Scaleway,Sat Jan 10 05:58:14 UTC 2026
CliniLaunch Research Institute,Sat Jan 10 05:39:49 UTC 2026
Net2Source (N2S),Thu Jan 08 06:42:31 UTC 2026
TATWEER MIDDLE EAST AND AFRICA L.L.C,Thu Jan 08 06:10:54 UTC 2026
AMS International UAE,Thu Jan 08 05:59:54 UTC 2026
Teramind,Thu Jan 08 05:54:33 UTC 2026
Al-Sawab Commercial Company,Wed Jan 07 08:06:41 UTC 2026
Oliver Bernard,Wed Jan 07 08:05:17 UTC 2026
OneSource Consulting,Wed Jan 07 08:03:58 UTC 2026
Salt,Wed Jan 07 08:01:48 UTC 2026
Highbrow Technology Inc,Wed Jan 07 07:59:24 UTC 2026
Orbis Group,Thu Jan 01 11:08:32 UTC 2026
AI Product Leaderboard,Tue Dec 23 20:49:31 UTC 2025
Flowtale,Tue Dec 23 07:00:57 UTC 2025
OFSZ- OrszÃ¡gos FizetÃ©si SzolgÃ¡ltatÃ³,Tue Dec 23 07:00:21 UTC 2025
Humani,Tue Dec 23 06:59:38 UTC 2025
Polymodal,Tue Dec 23 06:59:00 UTC 2025
Peak,Tue Dec 23 06:57:08 UTC 2025
TetraxAI,Tue Dec 23 06:55:20 UTC 2025
Verdea,Tue Dec 23 06:54:23 UTC 2025
Thred,Tue Dec 23 06:53:06 UTC 2025
Bundesministerium fÃ¼r Digitales und Staatsmodernisierung,Tue Dec 23 06:49:03 UTC 2025
AI Phase,Sat Dec 13 18:30:40 UTC 2025
SKYtek ApS,Fri Dec 05 14:36:26 UTC 2025
SmartEcoCity,Fri Nov 28 06:40:08 UTC 2025
Thinking Machines Lab,Wed Nov 19 13:00:44 UTC 2025
Tata Group,Wed Nov 19 04:52:38 UTC 2025
AutonomiQ SYS.,Thu Nov 13 19:25:01 UTC 2025
Cursor,Wed Nov 12 04:06:17 UTC 2025
Humans of AI & Data,Mon Nov 10 16:20:07 UTC 2025
PropHero,Wed Oct 29 10:31:31 UTC 2025
E-Solutions,Wed Oct 29 10:24:30 UTC 2025
James Adams,Wed Oct 29 10:23:52 UTC 2025
Cargoful | AI for transportation planning,Wed Oct 29 10:23:20 UTC 2025
Klearskill,Wed Oct 29 09:26:37 UTC 2025
OpusFlow,Tue Oct 28 08:35:38 UTC 2025
Amaris Consulting,Tue Oct 28 08:24:09 UTC 2025
Verea,Tue Oct 28 08:22:52 UTC 2025
Experis,Mon Oct 27 19:47:05 UTC 2025
Turing,Mon Oct 27 19:38:01 UTC 2025
SearchabilityÂ®,Mon Oct 27 13:42:39 UTC 2025
Donnerstag.ai,Mon Oct 27 12:33:56 UTC 2025
PURVIEW,Mon Oct 27 12:32:01 UTC 2025
Aliz,Mon Oct 27 12:30:25 UTC 2025
TechNET IT Recruitment Ltd,Mon Oct 27 10:14:42 UTC 2025
Stott and May,Mon Oct 27 10:11:58 UTC 2025
XCMG Group,Mon Oct 27 06:24:26 UTC 2025
The QA Company,Sun Oct 26 18:22:21 UTC 2025
Talan,Sun Oct 26 18:17:39 UTC 2025
RemoteStar,Sun Oct 26 18:13:34 UTC 2025
JOIN,Sun Oct 26 18:08:55 UTC 2025
Fluencify.io (SSEBL 25),Sun Oct 26 17:52:50 UTC 2025
Marguru LTD,Sun Oct 26 12:53:54 UTC 2025
Apsida Life Science,Sun Oct 26 12:48:22 UTC 2025
Trustpilot,Sun Oct 26 12:47:40 UTC 2025
Reviva | Deorganising Crime â„¢,Sun Oct 26 12:38:14 UTC 2025
Zero to One Search | Recruitment Agency,Sun Oct 26 12:30:04 UTC 2025
Wave Talent,Sun Oct 26 12:19:05 UTC 2025
Shahid Group of Companies (SGC),Sun Oct 26 11:57:19 UTC 2025
CyberrÂ®,Sat Oct 25 11:32:59 UTC 2025
Sopra Steria,Sat Oct 25 11:12:01 UTC 2025
HCLTech,Sat Oct 25 11:04:32 UTC 2025
ZYGO,Sat Oct 25 11:02:45 UTC 2025
Hamilton Barnes ðŸŒ³,Sat Oct 25 11:01:36 UTC 2025
Cegeka,Sat Oct 25 10:53:27 UTC 2025
Rise Technical,Fri Oct 17 03:40:25 UTC 2025
explai.com,Fri Oct 17 03:28:23 UTC 2025
Tripleblue,Thu Oct 09 03:06:58 UTC 2025
Transition Partners,Tue Oct 07 15:14:23 UTC 2025
Hytech,Tue Oct 07 15:13:46 UTC 2025
Crypto.com,Tue Oct 07 15:13:11 UTC 2025
Hendricks Corp Pte Ltd,Tue Oct 07 15:10:49 UTC 2025
AsiaPac Technology Pte Ltd (a Keppel company),Tue Oct 07 15:08:51 UTC 2025
Astreya,Tue Oct 07 15:08:26 UTC 2025
RegASK,Tue Oct 07 15:06:48 UTC 2025
SR2 | Socially Responsible Recruitment | Certified B Corporationâ„¢,Tue Oct 07 14:57:58 UTC 2025
Kleinanzeigen,Wed Aug 27 13:42:11 UTC 2025
Aggranda,Tue Aug 12 02:53:10 UTC 2025
DB Regio,Fri Aug 01 10:57:14 UTC 2025
NiCE Cognigy,Mon Jul 28 11:35:23 UTC 2025
Stefka.com | Creative Marketing & Development Agency,Thu Jul 03 17:21:14 UTC 2025
Bakboka,Tue Jul 01 12:18:50 UTC 2025
EaseMyTrip.com,Thu Jun 26 07:34:07 UTC 2025
OneAPPS Consulting,Thu Jun 26 07:33:15 UTC 2025
Pyne - AI made useful,Thu Jun 26 07:29:24 UTC 2025
Koda Staff,Thu Jun 26 07:27:08 UTC 2025
NTU International A/S,Thu Jun 26 07:26:04 UTC 2025
Trinamics,Thu Jun 26 07:25:07 UTC 2025
All European Careers,Thu Jun 26 07:24:28 UTC 2025
Umanova SA,Thu Jun 26 07:21:15 UTC 2025
Bottn,Thu Jun 26 07:17:38 UTC 2025
Ahead Digital,Thu Jun 26 07:15:37 UTC 2025
DevologyX,Thu Jun 26 07:11:06 UTC 2025
Delivery Hero,Mon Jun 16 20:14:55 UTC 2025
Hyqoo,Sat Jun 14 20:13:30 UTC 2025
Europa Search,Sat Jun 14 20:12:53 UTC 2025
Odiin.AI,Sat Jun 14 20:08:57 UTC 2025
DigiTech Search,Sat Jun 14 19:57:11 UTC 2025
Eurobase People,Sat Jun 14 19:56:30 UTC 2025
Motion G,Thu Jun 12 15:59:15 UTC 2025
Celebal Technologies,Thu Jun 12 15:58:23 UTC 2025
CloudMile,Thu Jun 12 15:57:40 UTC 2025
TEC Partners - Technical Recruitment Specialists,Thu Jun 12 15:56:13 UTC 2025
Cognitive Group | Part of the Focus Cloud Group,Thu Jun 12 15:54:44 UTC 2025
Jobgether,Thu Jun 12 15:54:04 UTC 2025
LlamaIndex,Thu Jun 12 14:52:51 UTC 2025
The Alan Turing Institute,Thu Jun 12 14:38:17 UTC 2025
webeet.io,Thu Jun 12 11:43:37 UTC 2025
Kia Europe,Thu Jun 12 10:04:32 UTC 2025
Aleph Alpha,Thu Jun 12 10:01:23 UTC 2025
Mistral AI,Thu Jun 12 10:01:06 UTC 2025
Google,Thu Jun 12 09:58:20 UTC 2025
Meta,Thu Jun 12 09:58:15 UTC 2025
NVIDIA,Thu Jun 12 09:58:15 UTC 2025
Anthropic,Thu Jun 12 09:58:10 UTC 2025
OpenAI,Thu Jun 12 09:58:09 UTC 2025
Google DeepMind,Thu Jun 12 09:57:36 UTC 2025
Lime Technologies,Thu Jun 12 03:31:59 UTC 2025
Masterschool,Tue Jun 10 09:41:30 UTC 2025
Aura Recruit Ltd.,Fri Jun 06 00:22:37 UTC 2025
Open Talent,Fri Jun 06 00:21:27 UTC 2025
Global M,Tue Jun 03 15:47:09 UTC 2025
Infoplus Technologies UK Limited,Tue Jun 03 15:45:53 UTC 2025
Albany Growth,Tue Jun 03 15:44:33 UTC 2025
Unitary,Mon Jun 02 04:16:08 UTC 2025
DRISHTICON Inc,Mon Jun 02 04:15:38 UTC 2025
Sensay,Mon Jun 02 04:14:57 UTC 2025
The Mediterranean Food Lab (MFL),Mon Jun 02 04:10:40 UTC 2025
UMATR,Wed May 28 13:52:50 UTC 2025
Lognext,Wed May 28 13:48:10 UTC 2025
Mindrift,Wed May 28 13:44:03 UTC 2025
Entourage,Wed May 28 13:34:48 UTC 2025
Findr,Wed May 28 13:25:40 UTC 2025
Laine,Wed May 28 13:18:13 UTC 2025
Sytac,Tue May 27 09:25:23 UTC 2025
GenieAI | Agentic Investment Operations,Tue May 27 09:22:39 UTC 2025
Xariss,Mon May 26 04:53:36 UTC 2025
Enigma,Mon May 26 04:52:04 UTC 2025
Suitpax,Mon May 26 04:50:27 UTC 2025
Parallel Consulting,Fri May 23 17:23:14 UTC 2025
Opus Recruitment Solutions,Thu May 22 10:07:41 UTC 2025
Oxygen Digital,Thu May 22 10:00:32 UTC 2025
reeeliance,Tue May 20 10:23:35 UTC 2025
D3Companion,Tue May 20 10:23:07 UTC 2025
aubex,Tue May 20 10:14:26 UTC 2025
GenAI Works,Tue May 20 10:01:53 UTC 2025
DeepLearning.AI,Tue May 20 10:01:52 UTC 2025
REM Waste Management,Fri May 16 22:11:35 UTC 2025
LangChain,Thu May 15 17:16:22 UTC 2025
Hugging Face,Thu May 15 17:16:20 UTC 2025
"Halian | Managed Services, Recruitment Agency & Contract Staffing",Thu May 15 03:54:44 UTC 2025
Impala Search,Wed May 14 22:29:40 UTC 2025
Remobi,Wed May 14 21:57:29 UTC 2025
Lyfegen,Wed May 14 21:53:54 UTC 2025
Digital Waffle,Mon May 12 21:28:35 UTC 2025
Franklin Fitch,Mon May 12 20:15:11 UTC 2025
Perplexity,Mon May 12 19:32:03 UTC 2025
AI Recruiter,Mon May 12 19:31:59 UTC 2025
Amon,Sat May 10 21:20:12 UTC 2025
Decskill,Sat May 10 21:19:17 UTC 2025
LA International,Thu May 08 07:20:56 UTC 2025
Thrive IT Systems,Wed May 07 09:10:42 UTC 2025
Parloa,Mon May 05 21:08:34 UTC 2025
Oakwell Hampton Group,Sun May 04 16:48:39 UTC 2025
Foxtek,Sun May 04 16:46:55 UTC 2025
SIBLING,Sun May 04 16:40:54 UTC 2025
Omnora,Sun May 04 16:38:19 UTC 2025
Harnham,Sun May 04 16:36:34 UTC 2025
Fruition Group Ireland,Sun May 04 16:35:32 UTC 2025
NAS Recruitment,Sun May 04 16:34:13 UTC 2025
Tenth Revolution Group,Sun May 04 16:32:59 UTC 2025
Konnekt,Sun May 04 16:32:22 UTC 2025
Atheljo,Sun May 04 16:31:39 UTC 2025
Zeno,Sun May 04 16:29:54 UTC 2025
A2G Consulting BV (A2G Technologies),Sat May 03 10:59:52 UTC 2025
CLOUDYRION,Wed Apr 30 11:54:09 UTC 2025
AI Futures,Tue Apr 15 17:20:11 UTC 2025
Akkar,Fri Nov 29 13:21:03 UTC 2024
Glocomms,Fri Nov 29 09:32:14 UTC 2024
DEKRA Technology & Services,Fri Nov 29 09:31:42 UTC 2024
embraceable Technology GmbH,Mon Nov 25 14:15:40 UTC 2024
Qualient Technology Solutions UK Limited,Wed Nov 06 09:56:44 UTC 2024
Clearscale,Thu Oct 24 08:27:52 UTC 2024
OrderYOYO,Wed Oct 23 09:18:48 UTC 2024
RED Global,Tue Oct 22 07:35:55 UTC 2024
Boyum IT Solutions,Sat Oct 19 11:58:56 UTC 2024
act digital EMEA - Alter Solutions,Wed Oct 09 09:07:53 UTC 2024
Square One Resources,Sat Oct 05 09:26:05 UTC 2024
Cream Consulting,Sat Oct 05 09:24:42 UTC 2024
GNT Group,Sat Oct 05 09:23:40 UTC 2024
Nicoll Curtin,Sat Oct 05 09:17:59 UTC 2024
Harvey Nash,Sat Oct 05 09:17:11 UTC 2024
Tata Consultancy Services,Sat Oct 05 09:15:58 UTC 2024
Enzo Tech Group,Sat Oct 05 09:15:13 UTC 2024
Sparagus,Sat Oct 05 09:14:27 UTC 2024
KCS iT,Sat Oct 05 09:13:44 UTC 2024
Ultra Group AB,Sat Oct 05 09:12:25 UTC 2024
Intelligenz IT,Sun Sep 29 08:28:33 UTC 2024
XIPE,Sun Sep 29 08:25:07 UTC 2024
JOB WORLD GmbH â€žAre you looking for the worldÂ´s best experts in your industry?â€œ,Sun Sep 29 08:24:25 UTC 2024
g2 Recruitment,Sun Sep 29 07:49:41 UTC 2024
Wurzel Recruitment Europe,Thu Sep 19 10:18:47 UTC 2024
PE Global,Fri Sep 13 16:14:09 UTC 2024
Enpal,Fri Sep 13 16:13:14 UTC 2024
MobiLab Solutions,Fri Sep 13 16:09:31 UTC 2024
Statkraft,Fri Sep 13 14:34:05 UTC 2024
Connect2Mobile GmbH,Thu Sep 12 08:23:35 UTC 2024
VOYA Games,Thu Sep 12 08:22:39 UTC 2024
Global Market Solutions - Germany,Sat Sep 07 06:41:23 UTC 2024
Ubique Systems,Fri Sep 06 06:22:09 UTC 2024
Hellowork Consultants,Fri Sep 06 06:21:02 UTC 2024
Proclinical Staffing,Fri Sep 06 06:18:59 UTC 2024
Darwin Recruitment,Fri Sep 06 06:18:41 UTC 2024
Luxoft Germany,Thu Sep 05 11:49:11 UTC 2024
X4 Life Sciences,Wed Sep 04 12:02:14 UTC 2024
Athena Freyja Consulting,Wed Sep 04 11:58:56 UTC 2024
Top Tier Talents,Wed Sep 04 11:51:47 UTC 2024
AlgoMinds,Wed Sep 04 11:46:02 UTC 2024
Zygo People,Wed Sep 04 11:44:41 UTC 2024
Nucs AI,Wed Sep 04 08:34:47 UTC 2024
TOMRA,Fri Aug 30 12:02:33 UTC 2024
Progressive,Fri Aug 30 11:42:34 UTC 2024
Manatal,Fri Aug 30 11:39:22 UTC 2024
Trust In SODA,Fri Aug 30 11:37:41 UTC 2024
Skywaves Rise,Wed Aug 28 07:21:05 UTC 2024
Pluvion GmbH,Tue Aug 27 12:22:22 UTC 2024
ifm,Sat Aug 24 13:33:06 UTC 2024
Signify Technology,Sat Aug 24 09:09:46 UTC 2024
THRYVE,Sat Aug 24 09:08:25 UTC 2024
ALZURA AG,Sat Aug 24 09:07:25 UTC 2024
Tintschl Unternehmensgruppe,Tue Aug 06 09:30:49 UTC 2024
GLS/NXT,Tue Aug 06 09:15:13 UTC 2024
Sportradar,Tue Aug 06 09:14:05 UTC 2024
Goodman Masson Deutschland,Mon Aug 05 23:41:41 UTC 2024
Austin Fraser,Mon Aug 05 23:28:06 UTC 2024
Next Ventures,Mon Aug 05 23:19:37 UTC 2024
Kensington360,Mon Aug 05 07:31:59 UTC 2024
Chartered Investment,Mon Aug 05 07:30:33 UTC 2024
sepp.med gmbh,Mon Aug 05 07:29:43 UTC 2024
GlobalTech Recruitment,Mon Aug 05 07:29:01 UTC 2024
Berlin Bytes,Mon Aug 05 07:26:51 UTC 2024
Rocket Road GmbH,Thu Jul 25 05:18:29 UTC 2024
Baldur Connect,Thu Jul 25 04:51:32 UTC 2024
HR-Rent,Thu Jul 25 04:50:51 UTC 2024
Hadron Talent -Hadronfinsys,Thu Jul 25 04:49:15 UTC 2024
EvidentIQ,Thu Jul 25 04:47:19 UTC 2024
GitLab,Wed Jun 12 20:51:49 UTC 2024
Global Enterprise Partners,Thu Jun 06 10:51:25 UTC 2024
Danfoss Drives,Thu Jun 06 08:06:03 UTC 2024
Mapular,Thu May 02 19:27:16 UTC 2024
Newfire Global Partners,Mon Apr 08 16:16:22 UTC 2024
Ascent,Mon Apr 08 16:15:28 UTC 2024
ByteBrew,Mon Apr 08 16:13:12 UTC 2024
MVP Match,Mon Apr 08 16:11:46 UTC 2024
Explore Group,Mon Apr 08 16:07:30 UTC 2024
Cleverbit Software,Mon Apr 08 16:06:11 UTC 2024
Revolent Group,Mon Apr 08 16:04:58 UTC 2024
Spilberg,Fri Apr 05 13:27:16 UTC 2024
buerolersch,Fri Apr 05 13:26:07 UTC 2024
SENSORY-MINDS GMBH,Fri Apr 05 13:25:04 UTC 2024
Computer Futures,Fri Apr 05 13:23:49 UTC 2024
asellerate,Fri Apr 05 13:21:51 UTC 2024
MARIS Healthcare GmbH,Fri Apr 05 12:51:15 UTC 2024
Digital Green B.V.,Tue Apr 02 13:36:24 UTC 2024
That Recruitment Company,Tue Apr 02 13:32:40 UTC 2024
Serrala,Fri Mar 01 12:18:05 UTC 2024
Keysight Technologies,Wed Feb 07 13:01:28 UTC 2024
Talent,Wed Feb 07 12:51:41 UTC 2024
netzkern - part of Macaw,Sat Nov 18 18:09:55 UTC 2023
Alter Solutions Deutschland,Wed Mar 01 15:09:33 UTC 2023
Macaw Deutschland,Wed Mar 01 15:07:27 UTC 2023
MAM Gruppe,Wed Mar 01 15:05:11 UTC 2023
Phoenix Pursuit,Wed Feb 15 06:35:32 UTC 2023
Cooper Jones,Wed Feb 15 06:35:26 UTC 2023
CodeFrog GmbH,Sun May 23 05:51:48 UTC 2021
STEAG Energy Services (India) Pvt. Ltd,Fri Jan 01 21:02:52 UTC 2021
Arrows,Fri Oct 18 13:39:55 UTC 2019
PACE Aerospace & IT,Fri Oct 18 09:19:02 UTC 2019
European Tech Recruit,Fri Oct 18 09:17:20 UTC 2019
Montash,Fri Oct 18 09:06:58 UTC 2019
Empiric,Fri Oct 18 08:58:57 UTC 2019
MODE Recruitment,Tue Sep 03 14:55:34 UTC 2019
Optimus Search,Tue Jun 03 16:23:59 UTC 2025