Date/Time,Media Description,Media Link
"You uploaded a video on February 12, 2026 at 11:00 AM (GMT)", -,https://dms.licdn.com/playlist/vid/v2/D4D12AQG8JEfzlFxqaw/mp4-720p-30fp-crf28/B4DZxRgqzgKMAs-/0/1770894050497?e=1772668800&v=beta&t=Qg1kecVRiuO8bAf24rZJ4LlUhMiAYncCS4_WyA75hJI
"You uploaded a video on February 8, 2026 at 9:43 AM (GMT)", -,https://dms.licdn.com/playlist/vid/dynamic/D4E05AQHHvBMxc6dXjg/BAQZMT_k58?e=1771851600&v=beta&t=-YPjm0zeciReSEW1IvHGU0X_V6Nkmy7nbdl4EIyJTEM
"You uploaded a video on February 7, 2026 at 12:25 PM (GMT)", -,https://dms.licdn.com/playlist/vid/dynamic/D4E05AQEvlzb3LIzpWw/BAQtRpNw50?e=1771851600&v=beta&t=trFfrKFBVqrlfTG3TJkNfVMTiM62pqN2ujb6v12nbVs
"You uploaded a feed photo on February 7, 2026 at 12:03 PM (GMT)", -,https://media.licdn.com/dms/image/v2/D4E22AQGaPu035OGffA/feedshare-shrink_20/B4EZw3_GbxIMAM-/0/1770465814635?e=1772668800&v=beta&t=e8IMCOX1m2omEOdbgMU6Ycp8jK7fRquvo2s_4HhNVmU
"You uploaded a feed photo on February 6, 2026 at 9:54 AM (GMT)", -,https://media.licdn.com/dms/image/v2/D4D22AQEy34OLIddzTA/feedshare-shrink_480/B4DZwyYAdyGQA8-/0/1770371680426?e=1772668800&v=beta&t=qdNAhtGyo3mFOrvTqURJGcXzpAeaUQI5wAdqVJaS0vg
"You uploaded a article cover photo on November 23, 2025 at 7:55 AM (GMT)", -,https://media.licdn.com/dms/image/v2/D4E12AQHkrsgVP89uSg/article-cover_image-shrink_720_1280/B4EZqvtmBGIIAI-/0/1763884557021?e=1772668800&v=beta&t=VrlwQh3gwTToULHTxIwDGP66MaRGlPAHc_4PGFh-qbs
"You uploaded a feed photo on November 22, 2025 at 6:22 AM (GMT)", -,https://media.licdn.com/dms/image/v2/D4E22AQH5Paa7ahnkbw/feedshare-shrink_2048_1536/B4EZqqOhfkIUA4-/0/1763792525925?e=1772668800&v=beta&t=MtiQqflrYs3ryAVJwLg8tb_HMbtPZw4SXzKZ2At8ems
"You uploaded a feed photo on August 11, 2025 at 11:59 AM (GMT)", -,https://media.licdn.com/dms/image/v2/D4E22AQFthFmkBSsj0g/feedshare-shrink_2048_1536/B4EZiY_.KvHIAo-/0/1754913570740?e=1772668800&v=beta&t=ktgB9SQu9Yrdc0Skukxu5vkdmTU52wyGazCxI3rTsAU
"You uploaded a photo on August 6, 2025 at 3:19 PM (GMT)", -,https://media.licdn.com/dms/image/v2/D4D2DAQEq1zuBETkEzg/profile-treasury-image-shrink_1280_1280/B4DZh_91RyHYAg-/0/1754493572923?e=1771851600&v=beta&t=oENbYm9-Cmab-4_iwssHaR0eV7Vk8NtwDqePQFvjfb8
"You uploaded a photo on August 6, 2025 at 3:17 PM (GMT)", -,https://media.licdn.com/dms/image/v2/D4D2DAQHOlqstUd7oDg/profile-treasury-image-shrink_8192_8192/B4DZh_9TNpHsAk-/0/1754493433097?e=1771851600&v=beta&t=TM9o1rePMZxucK3wOMvH2ylYcoWWMdUjc13CBlS_Z9M
"You uploaded a feed photo on July 28, 2025 at 11:27 AM (GMT)", -,https://media.licdn.com/dms/image/v2/D4E22AQF08G0PBGM2cw/feedshare-shrink_160/B4EZhQyYM1GcAo-/0/1753702046259?e=1772668800&v=beta&t=U4G2wDwB-qDlDfElxmKdU8UBf5xLgcinJctW6biUOh4
"You uploaded a feed photo on June 18, 2025 at 12:18 PM (GMT)", -,https://media.licdn.com/dms/image/v2/D4E22AQHJYeq1gTvtGw/feedshare-shrink_1280/B4EZeC.cEkHsAo-/0/1750249099644?e=1772668800&v=beta&t=gFroAYgLSNcdjTrFPfvxz3wcpNqVKjLyTZRMsWbB1J4
"You uploaded a photo on June 12, 2025 at 1:12 PM (GMT)", -,https://media.licdn.com/dms/image/v2/D4E2DAQFD-pySh-6WFw/profile-treasury-image-shrink_8192_8192/B4EZdkRN8DGwAk-/0/1749733926499?e=1771851600&v=beta&t=wDoLVHu456TmRdkPmAbVD-McSrbi8eox37yPg8rkXho
"You uploaded a photo on June 12, 2025 at 12:07 AM (GMT)", -,https://media.licdn.com/dms/image/v2/D4E2DAQEnWnciVS-Fmw/profile-treasury-image-shrink_8192_8192/B4EZdhdvGtGcAo-/0/1749686875343?e=1771851600&v=beta&t=5uu0Mah2iDzJkbJsmffvy9RW4nEdwzH0ZrZhkjw3XCk
"You uploaded a photo on June 10, 2025 at 10:48 PM (GMT)", -,https://media.licdn.com/dms/image/v2/D4E2DAQEYGo9zl4YVgw/profile-treasury-image-shrink_8192_8192/B4EZdcCD30HgAg-/0/1749595733967?e=1771851600&v=beta&t=MSniheizrPMdiP0jz8bGxAa40CIl6b4HWszISyzP8pQ
"You uploaded a profile background photo on June 10, 2025 at 10:46 PM (GMT)", -,https://media.licdn.com/dms/image/v2/D4E16AQGzOriE5AwTzQ/profile-displaybackgroundimage-shrink_350_1400/B4EZdcBdyZHgAc-/0/1749595581443?e=1772668800&v=beta&t=HVpLpd2ClsBg3ZWgA7zNBtIVRzcoMVHoeFKMr6yViyU
"You uploaded a profile background photo on June 10, 2025 at 10:46 PM (GMT)", -,https://media.licdn.com/dms/image/v2/D4E04AQFNe8UH4HMmIQ/profile-background-servable-original-image/B4EZdcBdyWHIAI-/0/1749595578349?e=1772668800&v=beta&t=J99gpQ0E1poG13_O9li4ITjSAJK67A_RhLHX4Yd7q9s
"You uploaded a photo on June 10, 2025 at 10:31 PM (GMT)", -,https://media.licdn.com/dms/image/v2/D4E2DAQGs1VQ4hQMCxQ/profile-treasury-image-shrink_1280_1280/B4EZdb.FGnHIAQ-/0/1749594690494?e=1771851600&v=beta&t=AbUDD2uTQSIFnQoCKaIDPypiMS39MGx6XVqwo5ugn50
"You uploaded a photo on June 10, 2025 at 10:27 PM (GMT)", -,https://media.licdn.com/dms/image/v2/D4E2DAQEYWAGd-Ny7RA/profile-treasury-image-shrink_8192_8192/B4EZdb9JDWHsAk-/0/1749594445026?e=1771851600&v=beta&t=wPtZgbfJRuNlRrCVHekWGjQn_SiBPOutPCkSH_UehSE
"You uploaded a photo on June 10, 2025 at 10:23 PM (GMT)", -,https://media.licdn.com/dms/image/v2/D4E2DAQGL1F49isVG5w/profile-treasury-image-shrink_8192_8192/B4EZdb8JhQHYAg-/0/1749594184918?e=1771851600&v=beta&t=sqsD2SA_AF0Sh5if5gwpSBQNEkDKYLDtuWjiqrat0Wc
"You uploaded a profile background photo on June 6, 2025 at 12:51 AM (GMT)", -,https://media.licdn.com/dms/image/v2/D4E04AQEm6P86c-VxSg/profile-background-servable-original-image/B4EZdCuG43G4AQ-/0/1749171073317?e=1772668800&v=beta&t=pX1_JHeqRquZxXGfEsz_ypsBUnNNUYekpXcCJmjYBj4
"You uploaded a profile photo on June 5, 2025 at 10:39 AM (GMT)", -,https://media.licdn.com/dms/image/v2/D4E04AQFEHUDv9YowiA/profile-originalphoto-shrink_900_1200/B4EZc_rGfkHYAM-/0/1749119953516?e=1772668800&v=beta&t=m__AyG2vt53v8X_PmbQjY6ma_vrYhSIoUJXaDLyuLQg
"You uploaded a profile photo on June 5, 2025 at 10:39 AM (GMT)", -,https://media.licdn.com/dms/image/v2/D4E03AQEZKaxUfVYigw/profile-displayphoto-shrink_400_400/B4EZc_rGfeH0Ak-/0/1749119953348?e=1772668800&v=beta&t=wqWmCrGtTM-Sgu43wX0um0hMYPAoHMpNC4iglpeQSzs
"You uploaded a feed photo on June 5, 2025 at 9:44 AM (GMT)", -,https://media.licdn.com/dms/image/v2/D4E22AQEwqaR8P8oYGQ/feedshare-shrink_2048_1536/B4EZc_eqSUGcAo-/0/1749116692428?e=1772668800&v=beta&t=BEnk7FTeF3xnJkLin36IPKKYkKC21MQJOjaHjH19pWc
"You uploaded a photo on May 12, 2025 at 8:55 PM (GMT)", -,https://media.licdn.com/dms/image/v2/D4E2DAQFTO4t6Puu7Pg/profile-treasury-image-shrink_8192_8192/B4EZbGR9S3HMAk-/0/1747083321142?e=1771851600&v=beta&t=_JTRZ6LTGAQbSJMWhENSVenxVeetY3iELZclzaMMIpk
"You uploaded a photo on May 12, 2025 at 8:52 PM (GMT)", -,https://media.licdn.com/dms/image/v2/D4E2DAQH3HvPcaqwveg/profile-treasury-image-shrink_8192_8192/B4EZbGRQetHwAg-/0/1747083136231?e=1771851600&v=beta&t=TXTiAgv6B-uwXshwoC4NZWkq9Eu5_8Hk3MpkNSWI0nE
